grammar_ref,syntactic_category,rule word,synonym
6,JJ,drama,play
6,JJ,drama,dramatic_play
6,JJ,drama,dramatic_event
6,JJ,classic,authoritative
6,JJ,classic,classical
6,JJ,classic,definitive
6,JJ,classic,classical
6,JJ,classic,classical
6,JJ,classic,greco-roman
6,JJ,classic,graeco-roman
6,JJ,classic,hellenic
12,N,flicks,flick
12,N,flicks,flick
12,N,flicks,movie
12,N,flicks,film
12,N,flicks,picture
12,N,flicks,moving_picture
12,N,flicks,moving-picture_show
12,N,flicks,motion_picture
12,N,flicks,motion-picture_show
12,N,flicks,picture_show
12,N,flicks,pic
12,N,flicks,flick
12,N,flicks,flicker
12,N,flicks,flick
12,N,flicks,flick
12,N,flicks,flip
12,N,flicks,thumb
12,N,flicks,riffle
12,N,flicks,leaf
12,N,flicks,riff
12,N,flicks,flip
12,N,flicks,flick
12,N,flicks,jerk
12,N,flicks,flick
12,N,flicks,flicker
12,N,flicks,flick
12,N,flicks,flick
12,N,flicks,ruffle
12,N,flicks,riffle
12,N,flicks,snap
12,N,flicks,click
12,N,flicks,flick
12,N,flicks,flick
12,N,flicks,flick
5,V,rated,rate
5,V,rated,rank
5,V,rated,range
5,V,rated,order
5,V,rated,grade
5,V,rated,place
5,V,rated,rate
5,V,rated,rate
5,V,rated,value
5,V,rated,rat
5,V,rated,rat
5,V,rated,fink
5,V,rated,scab
5,V,rated,rat
5,V,rated,blackleg
5,V,rated,rat
5,V,rated,rat
5,V,rated,denounce
5,V,rated,tell_on
5,V,rated,betray
5,V,rated,give_away
5,V,rated,rat
5,V,rated,grass
5,V,rated,shit
5,V,rated,shop
5,V,rated,snitch
5,V,rated,stag
11,N,new,fresh
11,N,new,novel
11,N,new,raw
11,N,new,unexampled
11,N,new,newfangled
11,N,new,new
11,N,new,modern
11,N,new,new
11,N,new,young
11,N,new,newly
11,N,new,freshly
11,N,new,fresh
3,N,actors,actor
3,N,actors,histrion
3,N,actors,player
3,N,actors,thespian
3,N,actors,role_player
3,N,actors,actor
3,N,actors,doer
3,N,actors,worker
4,V,classified,classified_ad
4,V,classified,classified_advertisement
4,V,classified,classify
4,V,classified,class
4,V,classified,sort
4,V,classified,assort
4,V,classified,sort_out
4,V,classified,separate
4,V,classified,classify
4,V,classified,relegate
4,V,classified,classify
6,JJ,children,child
6,JJ,children,kid
6,JJ,children,youngster
6,JJ,children,minor
6,JJ,children,shaver
6,JJ,children,nipper
6,JJ,children,small_fry
6,JJ,children,tiddler
6,JJ,children,tike
6,JJ,children,tyke
6,JJ,children,fry
6,JJ,children,nestling
6,JJ,children,child
6,JJ,children,kid
6,JJ,children,child
6,JJ,children,baby
6,JJ,children,child
12,N,comedy,drollery
12,N,comedy,clowning
12,N,comedy,funniness
12,V,display,show
12,V,display,exhibit
12,V,display,showing
12,V,display,presentation
12,V,display,video_display
12,V,display,expose
12,V,display,exhibit
5,N,films,movie
5,N,films,film
5,N,films,picture
5,N,films,moving_picture
5,N,films,moving-picture_show
5,N,films,motion_picture
5,N,films,motion-picture_show
5,N,films,picture_show
5,N,films,pic
5,N,films,flick
5,N,films,film
5,N,films,cinema
5,N,films,celluloid
5,N,films,film
5,N,films,photographic_film
5,N,films,film
5,N,films,film
5,N,films,plastic_film
5,N,films,film
5,N,films,shoot
5,N,films,take
5,N,films,film
12,N,international,international
12,N,international,external
12,N,international,outside
12,N,films,movie
12,N,films,film
12,N,films,picture
12,N,films,moving_picture
12,N,films,moving-picture_show
12,N,films,motion_picture
12,N,films,motion-picture_show
12,N,films,picture_show
12,N,films,pic
12,N,films,flick
12,N,films,film
12,N,films,cinema
12,N,films,celluloid
12,N,films,film
12,N,films,photographic_film
12,N,films,film
12,N,films,film
12,N,films,plastic_film
12,N,films,film
12,N,films,shoot
12,N,films,take
12,N,films,film
4,V,give,spring
4,V,give,springiness
4,V,give,yield
4,V,give,afford
4,V,give,pay
4,V,give,hold
4,V,give,throw
4,V,give,have
4,V,give,make
4,V,give,throw
4,V,give,gift
4,V,give,present
4,V,give,yield
4,V,give,pay
4,V,give,devote
4,V,give,render
4,V,give,yield
4,V,give,return
4,V,give,generate
4,V,give,impart
4,V,give,leave
4,V,give,pass_on
4,V,give,establish
4,V,give,sacrifice
4,V,give,pass
4,V,give,hand
4,V,give,reach
4,V,give,pass_on
4,V,give,turn_over
4,V,give,dedicate
4,V,give,consecrate
4,V,give,commit
4,V,give,devote
4,V,give,apply
4,V,give,render
4,V,give,grant
4,V,give,move_over
4,V,give,give_way
4,V,give,ease_up
4,V,give,yield
4,V,give,feed
4,V,give,contribute
4,V,give,chip_in
4,V,give,kick_in
4,V,give,collapse
4,V,give,fall_in
4,V,give,cave_in
4,V,give,give_way
4,V,give,break
4,V,give,founder
4,V,give,afford
4,V,give,open
4,V,give,yield
12,V,list,listing
12,V,list,tilt
12,V,list,inclination
12,V,list,lean
12,V,list,leaning
12,V,list,name
12,V,list,lean
12,V,list,heel
12,V,list,number
7,N,films,movie
7,N,films,film
7,N,films,picture
7,N,films,moving_picture
7,N,films,moving-picture_show
7,N,films,motion_picture
7,N,films,motion-picture_show
7,N,films,picture_show
7,N,films,pic
7,N,films,flick
7,N,films,film
7,N,films,cinema
7,N,films,celluloid
7,N,films,film
7,N,films,photographic_film
7,N,films,film
7,N,films,film
7,N,films,plastic_film
7,N,films,film
7,N,films,shoot
7,N,films,take
7,N,films,film
6,JJ,action,activity
6,JJ,action,activeness
6,JJ,action,military_action
6,JJ,action,natural_process
6,JJ,action,natural_action
6,JJ,action,activity
6,JJ,action,action_mechanism
6,JJ,action,legal_action
6,JJ,action,action_at_law
6,JJ,action,sue
6,JJ,action,litigate
6,JJ,action,process
6,JJ,action,carry_through
6,JJ,action,accomplish
6,JJ,action,execute
6,JJ,action,carry_out
6,JJ,action,fulfill
6,JJ,action,fulfil
5,V,is,be
5,V,is,be
5,V,is,be
5,V,is,exist
5,V,is,be
5,V,is,be
5,V,is,equal
5,V,is,be
5,V,is,constitute
5,V,is,represent
5,V,is,make_up
5,V,is,comprise
5,V,is,be
5,V,is,be
5,V,is,follow
5,V,is,embody
5,V,is,be
5,V,is,personify
5,V,is,be
5,V,is,be
5,V,is,live
5,V,is,be
5,V,is,cost
5,V,is,be
8,V,graded,rate
8,V,graded,rank
8,V,graded,range
8,V,graded,order
8,V,graded,grade
8,V,graded,place
8,V,graded,grade
8,V,graded,grade
8,V,graded,score
8,V,graded,mark
8,V,graded,grade
8,V,graded,ranked
8,V,graded,stratified
4,N,movies,movie
4,N,movies,film
4,N,movies,picture
4,N,movies,moving_picture
4,N,movies,moving-picture_show
4,N,movies,motion_picture
4,N,movies,motion-picture_show
4,N,movies,picture_show
4,N,movies,pic
4,N,movies,flick
11,N,kids,child
11,N,kids,kid
11,N,kids,youngster
11,N,kids,minor
11,N,kids,shaver
11,N,kids,nipper
11,N,kids,small_fry
11,N,kids,tiddler
11,N,kids,tike
11,N,kids,tyke
11,N,kids,fry
11,N,kids,nestling
11,N,kids,kid
11,N,kids,kidskin
11,N,kids,kyd
11,N,kids,kid
11,N,kids,thomas_kyd
11,N,kids,thomas_kid
11,N,kids,child
11,N,kids,kid
11,N,kids,kid
11,N,kids,pull_the_leg_of
11,N,kids,kid
11,N,kids,kid
11,N,kids,chaff
11,N,kids,jolly
11,N,kids,josh
11,N,kids,banter
12,N,games,game
12,N,games,game
12,N,games,game
12,N,games,game
12,N,games,game
12,N,games,game
12,N,games,game
12,N,games,plot
12,N,games,secret_plan
12,N,games,game
12,N,games,game
12,N,games,game
12,N,games,biz
12,N,games,game
12,N,games,bet_on
12,N,games,back
12,N,games,gage
12,N,games,stake
12,N,games,game
12,N,games,punt
1,JJ,complete,finish
1,JJ,complete,dispatch
1,JJ,complete,discharge
1,JJ,complete,nail
1,JJ,complete,fill_out
1,JJ,complete,fill_in
1,JJ,complete,make_out
1,JJ,complete,consummate
1,JJ,complete,accomplished
1,JJ,complete,arrant
1,JJ,complete,consummate
1,JJ,complete,double-dyed
1,JJ,complete,everlasting
1,JJ,complete,gross
1,JJ,complete,perfect
1,JJ,complete,pure
1,JJ,complete,sodding
1,JJ,complete,stark
1,JJ,complete,staring
1,JJ,complete,thoroughgoing
1,JJ,complete,utter
1,JJ,complete,unadulterated
1,JJ,complete,concluded
1,JJ,complete,ended
1,JJ,complete,over
1,JJ,complete,all_over
1,JJ,complete,terminated
11,N,documentaries,documentary
11,N,documentaries,docudrama
11,N,documentaries,documentary_film
11,N,documentaries,infotainment
11,N,sports,sport
11,N,sports,athletics
11,N,sports,sport
11,N,sports,sport
11,N,sports,summercater
11,N,sports,sport
11,N,sports,sport
11,N,sports,sportsman
11,N,sports,sportswoman
11,N,sports,mutant
11,N,sports,mutation
11,N,sports,variation
11,N,sports,sport
11,N,sports,fun
11,N,sports,play
11,N,sports,sport
11,N,sports,sport
11,N,sports,feature
11,N,sports,boast
11,N,sports,frolic
11,N,sports,lark
11,N,sports,rollick
11,N,sports,skylark
11,N,sports,disport
11,N,sports,sport
11,N,sports,cavort
11,N,sports,gambol
11,N,sports,frisk
11,N,sports,romp
11,N,sports,run_around
11,N,sports,lark_about
12,N,anime,zanzibar_copal
12,N,anime,gum_anime
11,N,documentary,docudrama
11,N,documentary,documentary_film
11,N,documentary,infotainment
11,N,documentary,documental
11,N,documentary,objective
7,N,actors,actor
7,N,actors,histrion
7,N,actors,player
7,N,actors,thespian
7,N,actors,role_player
7,N,actors,actor
7,N,actors,doer
7,N,actors,worker
6,JJ,music,euphony
6,JJ,music,medicine
3,V,give,spring
3,V,give,springiness
3,V,give,yield
3,V,give,afford
3,V,give,pay
3,V,give,hold
3,V,give,throw
3,V,give,have
3,V,give,make
3,V,give,throw
3,V,give,gift
3,V,give,present
3,V,give,yield
3,V,give,pay
3,V,give,devote
3,V,give,render
3,V,give,yield
3,V,give,return
3,V,give,generate
3,V,give,impart
3,V,give,leave
3,V,give,pass_on
3,V,give,establish
3,V,give,sacrifice
3,V,give,pass
3,V,give,hand
3,V,give,reach
3,V,give,pass_on
3,V,give,turn_over
3,V,give,dedicate
3,V,give,consecrate
3,V,give,commit
3,V,give,devote
3,V,give,apply
3,V,give,render
3,V,give,grant
3,V,give,move_over
3,V,give,give_way
3,V,give,ease_up
3,V,give,yield
3,V,give,feed
3,V,give,contribute
3,V,give,chip_in
3,V,give,kick_in
3,V,give,collapse
3,V,give,fall_in
3,V,give,cave_in
3,V,give,give_way
3,V,give,break
3,V,give,founder
3,V,give,afford
3,V,give,open
3,V,give,yield
6,JJ,horror,repugnance
6,JJ,horror,repulsion
6,JJ,horror,revulsion
10,N,films,movie
10,N,films,film
10,N,films,picture
10,N,films,moving_picture
10,N,films,moving-picture_show
10,N,films,motion_picture
10,N,films,motion-picture_show
10,N,films,picture_show
10,N,films,pic
10,N,films,flick
10,N,films,film
10,N,films,cinema
10,N,films,celluloid
10,N,films,film
10,N,films,photographic_film
10,N,films,film
10,N,films,film
10,N,films,plastic_film
10,N,films,film
10,N,films,shoot
10,N,films,take
10,N,films,film
5,V,graded,rate
5,V,graded,rank
5,V,graded,range
5,V,graded,order
5,V,graded,grade
5,V,graded,place
5,V,graded,grade
5,V,graded,grade
5,V,graded,score
5,V,graded,mark
5,V,graded,grade
5,V,graded,ranked
5,V,graded,stratified
6,N,films,movie
6,N,films,film
6,N,films,picture
6,N,films,moving_picture
6,N,films,moving-picture_show
6,N,films,motion_picture
6,N,films,motion-picture_show
6,N,films,picture_show
6,N,films,pic
6,N,films,flick
6,N,films,film
6,N,films,cinema
6,N,films,celluloid
6,N,films,film
6,N,films,photographic_film
6,N,films,film
6,N,films,film
6,N,films,plastic_film
6,N,films,film
6,N,films,shoot
6,N,films,take
6,N,films,film
12,N,travel,traveling
12,N,travel,travelling
12,N,travel,change_of_location
12,N,travel,locomotion
12,N,travel,go
12,N,travel,move
12,N,travel,locomote
12,N,travel,journey
12,N,travel,trip
12,N,travel,jaunt
12,N,travel,journey
12,N,travel,move_around
1,N,movies,movie
1,N,movies,film
1,N,movies,picture
1,N,movies,moving_picture
1,N,movies,moving-picture_show
1,N,movies,motion_picture
1,N,movies,motion-picture_show
1,N,movies,picture_show
1,N,movies,pic
1,N,movies,flick
6,JJ,kids,child
6,JJ,kids,kid
6,JJ,kids,youngster
6,JJ,kids,minor
6,JJ,kids,shaver
6,JJ,kids,nipper
6,JJ,kids,small_fry
6,JJ,kids,tiddler
6,JJ,kids,tike
6,JJ,kids,tyke
6,JJ,kids,fry
6,JJ,kids,nestling
6,JJ,kids,kid
6,JJ,kids,kidskin
6,JJ,kids,kyd
6,JJ,kids,kid
6,JJ,kids,thomas_kyd
6,JJ,kids,thomas_kid
6,JJ,kids,child
6,JJ,kids,kid
6,JJ,kids,kid
6,JJ,kids,pull_the_leg_of
6,JJ,kids,kid
6,JJ,kids,kid
6,JJ,kids,chaff
6,JJ,kids,jolly
6,JJ,kids,josh
6,JJ,kids,banter
9,V,list,listing
9,V,list,tilt
9,V,list,inclination
9,V,list,lean
9,V,list,leaning
9,V,list,name
9,V,list,lean
9,V,list,heel
9,V,list,number
6,JJ,classics,classic
6,JJ,classics,classic
11,N,animation,life
11,N,animation,living
11,N,animation,aliveness
11,N,animation,vitality
11,N,animation,spiritedness
11,N,animation,invigoration
11,N,animation,brio
11,N,animation,vivification
11,N,animation,vivification
11,N,animation,invigoration
11,N,animation,liveliness
12,N,music,euphony
12,N,music,medicine
12,V,tell,tell
12,V,tell,william_tell
12,V,tell,state
12,V,tell,say
12,V,tell,narrate
12,V,tell,recount
12,V,tell,recite
12,V,tell,order
12,V,tell,enjoin
12,V,tell,say
12,V,tell,assure
12,V,tell,evidence
12,V,tell,distinguish
12,V,tell,separate
12,V,tell,differentiate
12,V,tell,secern
12,V,tell,secernate
12,V,tell,severalize
12,V,tell,severalise
12,V,tell,tell_apart
11,N,action,activity
11,N,action,activeness
11,N,action,military_action
11,N,action,natural_process
11,N,action,natural_action
11,N,action,activity
11,N,action,action_mechanism
11,N,action,legal_action
11,N,action,action_at_law
11,N,action,sue
11,N,action,litigate
11,N,action,process
11,N,action,carry_through
11,N,action,accomplish
11,N,action,execute
11,N,action,carry_out
11,N,action,fulfill
11,N,action,fulfil
12,N,animation,life
12,N,animation,living
12,N,animation,aliveness
12,N,animation,vitality
12,N,animation,spiritedness
12,N,animation,invigoration
12,N,animation,brio
12,N,animation,vivification
12,N,animation,vivification
12,N,animation,invigoration
12,N,animation,liveliness
10,V,display,show
10,V,display,exhibit
10,V,display,showing
10,V,display,presentation
10,V,display,video_display
10,V,display,expose
10,V,display,exhibit
12,N,kids,child
12,N,kids,kid
12,N,kids,youngster
12,N,kids,minor
12,N,kids,shaver
12,N,kids,nipper
12,N,kids,small_fry
12,N,kids,tiddler
12,N,kids,tike
12,N,kids,tyke
12,N,kids,fry
12,N,kids,nestling
12,N,kids,kid
12,N,kids,kidskin
12,N,kids,kyd
12,N,kids,kid
12,N,kids,thomas_kyd
12,N,kids,thomas_kid
12,N,kids,child
12,N,kids,kid
12,N,kids,kid
12,N,kids,pull_the_leg_of
12,N,kids,kid
12,N,kids,kid
12,N,kids,chaff
12,N,kids,jolly
12,N,kids,josh
12,N,kids,banter
6,N,flick,movie
6,N,flick,film
6,N,flick,picture
6,N,flick,moving_picture
6,N,flick,moving-picture_show
6,N,flick,motion_picture
6,N,flick,motion-picture_show
6,N,flick,picture_show
6,N,flick,pic
6,N,flick,flicker
6,N,flick,flip
6,N,flick,thumb
6,N,flick,riffle
6,N,flick,leaf
6,N,flick,riff
6,N,flick,flip
6,N,flick,jerk
6,N,flick,flicker
6,N,flick,ruffle
6,N,flick,riffle
6,N,flick,snap
6,N,flick,click
5,V,classed,classify
5,V,classed,class
5,V,classed,sort
5,V,classed,assort
5,V,classed,sort_out
5,V,classed,separate
6,N,movie,film
6,N,movie,picture
6,N,movie,moving_picture
6,N,movie,moving-picture_show
6,N,movie,motion_picture
6,N,movie,motion-picture_show
6,N,movie,picture_show
6,N,movie,pic
6,N,movie,flick
9,N,movies,movie
9,N,movies,film
9,N,movies,picture
9,N,movies,moving_picture
9,N,movies,moving-picture_show
9,N,movies,motion_picture
9,N,movies,motion-picture_show
9,N,movies,picture_show
9,N,movies,pic
9,N,movies,flick
8,V,rated,rate
8,V,rated,rank
8,V,rated,range
8,V,rated,order
8,V,rated,grade
8,V,rated,place
8,V,rated,rate
8,V,rated,rate
8,V,rated,value
8,V,rated,rat
8,V,rated,rat
8,V,rated,fink
8,V,rated,scab
8,V,rated,rat
8,V,rated,blackleg
8,V,rated,rat
8,V,rated,rat
8,V,rated,denounce
8,V,rated,tell_on
8,V,rated,betray
8,V,rated,give_away
8,V,rated,rat
8,V,rated,grass
8,V,rated,shit
8,V,rated,shop
8,V,rated,snitch
8,V,rated,stag
11,N,children,child
11,N,children,kid
11,N,children,youngster
11,N,children,minor
11,N,children,shaver
11,N,children,nipper
11,N,children,small_fry
11,N,children,tiddler
11,N,children,tike
11,N,children,tyke
11,N,children,fry
11,N,children,nestling
11,N,children,child
11,N,children,kid
11,N,children,child
11,N,children,baby
11,N,children,child
6,JJ,new,fresh
6,JJ,new,novel
6,JJ,new,raw
6,JJ,new,unexampled
6,JJ,new,newfangled
6,JJ,new,new
6,JJ,new,modern
6,JJ,new,new
6,JJ,new,young
6,JJ,new,newly
6,JJ,new,freshly
6,JJ,new,fresh
12,N,classics,classic
12,N,classics,classic
7,V,give,spring
7,V,give,springiness
7,V,give,yield
7,V,give,afford
7,V,give,pay
7,V,give,hold
7,V,give,throw
7,V,give,have
7,V,give,make
7,V,give,throw
7,V,give,gift
7,V,give,present
7,V,give,yield
7,V,give,pay
7,V,give,devote
7,V,give,render
7,V,give,yield
7,V,give,return
7,V,give,generate
7,V,give,impart
7,V,give,leave
7,V,give,pass_on
7,V,give,establish
7,V,give,sacrifice
7,V,give,pass
7,V,give,hand
7,V,give,reach
7,V,give,pass_on
7,V,give,turn_over
7,V,give,dedicate
7,V,give,consecrate
7,V,give,commit
7,V,give,devote
7,V,give,apply
7,V,give,render
7,V,give,grant
7,V,give,move_over
7,V,give,give_way
7,V,give,ease_up
7,V,give,yield
7,V,give,feed
7,V,give,contribute
7,V,give,chip_in
7,V,give,kick_in
7,V,give,collapse
7,V,give,fall_in
7,V,give,cave_in
7,V,give,give_way
7,V,give,break
7,V,give,founder
7,V,give,afford
7,V,give,open
7,V,give,yield
6,JJ,games,game
6,JJ,games,game
6,JJ,games,game
6,JJ,games,game
6,JJ,games,game
6,JJ,games,game
6,JJ,games,game
6,JJ,games,plot
6,JJ,games,secret_plan
6,JJ,games,game
6,JJ,games,game
6,JJ,games,game
6,JJ,games,biz
6,JJ,games,game
6,JJ,games,bet_on
6,JJ,games,back
6,JJ,games,gage
6,JJ,games,stake
6,JJ,games,game
6,JJ,games,punt
10,V,list,listing
10,V,list,tilt
10,V,list,inclination
10,V,list,lean
10,V,list,leaning
10,V,list,name
10,V,list,lean
10,V,list,heel
10,V,list,number
6,V,give,spring
6,V,give,springiness
6,V,give,yield
6,V,give,afford
6,V,give,pay
6,V,give,hold
6,V,give,throw
6,V,give,have
6,V,give,make
6,V,give,throw
6,V,give,gift
6,V,give,present
6,V,give,yield
6,V,give,pay
6,V,give,devote
6,V,give,render
6,V,give,yield
6,V,give,return
6,V,give,generate
6,V,give,impart
6,V,give,leave
6,V,give,pass_on
6,V,give,establish
6,V,give,sacrifice
6,V,give,pass
6,V,give,hand
6,V,give,reach
6,V,give,pass_on
6,V,give,turn_over
6,V,give,dedicate
6,V,give,consecrate
6,V,give,commit
6,V,give,devote
6,V,give,apply
6,V,give,render
6,V,give,grant
6,V,give,move_over
6,V,give,give_way
6,V,give,ease_up
6,V,give,yield
6,V,give,feed
6,V,give,contribute
6,V,give,chip_in
6,V,give,kick_in
6,V,give,collapse
6,V,give,fall_in
6,V,give,cave_in
6,V,give,give_way
6,V,give,break
6,V,give,founder
6,V,give,afford
6,V,give,open
6,V,give,yield
6,V,tell,tell
6,V,tell,william_tell
6,V,tell,state
6,V,tell,say
6,V,tell,narrate
6,V,tell,recount
6,V,tell,recite
6,V,tell,order
6,V,tell,enjoin
6,V,tell,say
6,V,tell,assure
6,V,tell,evidence
6,V,tell,distinguish
6,V,tell,separate
6,V,tell,differentiate
6,V,tell,secern
6,V,tell,secernate
6,V,tell,severalize
6,V,tell,severalise
6,V,tell,tell_apart
11,V,list,listing
11,V,list,tilt
11,V,list,inclination
11,V,list,lean
11,V,list,leaning
11,V,list,name
11,V,list,lean
11,V,list,heel
11,V,list,number
5,N,flicks,flick
5,N,flicks,flick
5,N,flicks,movie
5,N,flicks,film
5,N,flicks,picture
5,N,flicks,moving_picture
5,N,flicks,moving-picture_show
5,N,flicks,motion_picture
5,N,flicks,motion-picture_show
5,N,flicks,picture_show
5,N,flicks,pic
5,N,flicks,flick
5,N,flicks,flicker
5,N,flicks,flick
5,N,flicks,flick
5,N,flicks,flip
5,N,flicks,thumb
5,N,flicks,riffle
5,N,flicks,leaf
5,N,flicks,riff
5,N,flicks,flip
5,N,flicks,flick
5,N,flicks,jerk
5,N,flicks,flick
5,N,flicks,flicker
5,N,flicks,flick
5,N,flicks,flick
5,N,flicks,ruffle
5,N,flicks,riffle
5,N,flicks,snap
5,N,flicks,click
5,N,flicks,flick
5,N,flicks,flick
5,N,flicks,flick
4,N,films,movie
4,N,films,film
4,N,films,picture
4,N,films,moving_picture
4,N,films,moving-picture_show
4,N,films,motion_picture
4,N,films,motion-picture_show
4,N,films,picture_show
4,N,films,pic
4,N,films,flick
4,N,films,film
4,N,films,cinema
4,N,films,celluloid
4,N,films,film
4,N,films,photographic_film
4,N,films,film
4,N,films,film
4,N,films,plastic_film
4,N,films,film
4,N,films,shoot
4,N,films,take
4,N,films,film
11,N,international,international
11,N,international,external
11,N,international,outside
7,V,show,display
7,V,show,appearance
7,V,show,demo
7,V,show,exhibit
7,V,show,present
7,V,show,demonstrate
7,V,show,prove
7,V,show,demonstrate
7,V,show,establish
7,V,show,shew
7,V,show,testify
7,V,show,bear_witness
7,V,show,prove
7,V,show,evidence
7,V,show,picture
7,V,show,depict
7,V,show,render
7,V,show,express
7,V,show,evince
7,V,show,indicate
7,V,show,point
7,V,show,designate
7,V,show,show_up
7,V,show,read
7,V,show,register
7,V,show,record
7,V,show,usher
9,N,films,movie
9,N,films,film
9,N,films,picture
9,N,films,moving_picture
9,N,films,moving-picture_show
9,N,films,motion_picture
9,N,films,motion-picture_show
9,N,films,picture_show
9,N,films,pic
9,N,films,flick
9,N,films,film
9,N,films,cinema
9,N,films,celluloid
9,N,films,film
9,N,films,photographic_film
9,N,films,film
9,N,films,film
9,N,films,plastic_film
9,N,films,film
9,N,films,shoot
9,N,films,take
9,N,films,film
2,V,render,supply
2,V,render,provide
2,V,render,furnish
2,V,render,interpret
2,V,render,yield
2,V,render,return
2,V,render,give
2,V,render,generate
2,V,render,deliver
2,V,render,return
2,V,render,submit
2,V,render,return
2,V,render,hand_over
2,V,render,fork_over
2,V,render,fork_out
2,V,render,fork_up
2,V,render,turn_in
2,V,render,deliver
2,V,render,picture
2,V,render,depict
2,V,render,show
2,V,render,give
2,V,render,translate
2,V,render,interpret
2,V,render,try
8,N,films,movie
8,N,films,film
8,N,films,picture
8,N,films,moving_picture
8,N,films,moving-picture_show
8,N,films,motion_picture
8,N,films,motion-picture_show
8,N,films,picture_show
8,N,films,pic
8,N,films,flick
8,N,films,film
8,N,films,cinema
8,N,films,celluloid
8,N,films,film
8,N,films,photographic_film
8,N,films,film
8,N,films,film
8,N,films,plastic_film
8,N,films,film
8,N,films,shoot
8,N,films,take
8,N,films,film
11,N,travel,traveling
11,N,travel,travelling
11,N,travel,change_of_location
11,N,travel,locomotion
11,N,travel,go
11,N,travel,move
11,N,travel,locomote
11,N,travel,journey
11,N,travel,trip
11,N,travel,jaunt
11,N,travel,journey
11,N,travel,move_around
10,N,flicks,flick
10,N,flicks,flick
10,N,flicks,movie
10,N,flicks,film
10,N,flicks,picture
10,N,flicks,moving_picture
10,N,flicks,moving-picture_show
10,N,flicks,motion_picture
10,N,flicks,motion-picture_show
10,N,flicks,picture_show
10,N,flicks,pic
10,N,flicks,flick
10,N,flicks,flicker
10,N,flicks,flick
10,N,flicks,flick
10,N,flicks,flip
10,N,flicks,thumb
10,N,flicks,riffle
10,N,flicks,leaf
10,N,flicks,riff
10,N,flicks,flip
10,N,flicks,flick
10,N,flicks,jerk
10,N,flicks,flick
10,N,flicks,flicker
10,N,flicks,flick
10,N,flicks,flick
10,N,flicks,ruffle
10,N,flicks,riffle
10,N,flicks,snap
10,N,flicks,click
10,N,flicks,flick
10,N,flicks,flick
10,N,flicks,flick
11,N,comedy,drollery
11,N,comedy,clowning
11,N,comedy,funniness
2,V,write,compose
2,V,write,pen
2,V,write,indite
2,V,write,publish
2,V,write,drop_a_line
2,V,write,compose
2,V,write,save
2,V,write,spell
12,V,suggest,propose
12,V,suggest,advise
12,V,suggest,hint
12,V,suggest,intimate
12,V,suggest,indicate
12,V,suggest,evoke
12,V,suggest,paint_a_picture
3,N,list,listing
3,N,list,tilt
3,N,list,inclination
3,N,list,lean
3,N,list,leaning
3,N,list,name
3,N,list,lean
3,N,list,heel
3,N,list,number
1,N,list,listing
1,N,list,tilt
1,N,list,inclination
1,N,list,lean
1,N,list,leaning
1,N,list,name
1,N,list,lean
1,N,list,heel
1,N,list,number
6,JJ,foreign,strange
6,JJ,foreign,alien
6,JJ,foreign,extraneous
11,N,classic,authoritative
11,N,classic,classical
11,N,classic,definitive
11,N,classic,classical
11,N,classic,classical
11,N,classic,greco-roman
11,N,classic,graeco-roman
11,N,classic,hellenic
8,V,classed,classify
8,V,classed,class
8,V,classed,sort
8,V,classed,assort
8,V,classed,sort_out
8,V,classed,separate
12,N,documentary,docudrama
12,N,documentary,documentary_film
12,N,documentary,infotainment
12,N,documentary,documental
12,N,documentary,objective
11,N,classics,classic
11,N,classics,classic
12,N,movie,film
12,N,movie,picture
12,N,movie,moving_picture
12,N,movie,moving-picture_show
12,N,movie,motion_picture
12,N,movie,motion-picture_show
12,N,movie,picture_show
12,N,movie,pic
12,N,movie,flick
12,V,give,spring
12,V,give,springiness
12,V,give,yield
12,V,give,afford
12,V,give,pay
12,V,give,hold
12,V,give,throw
12,V,give,have
12,V,give,make
12,V,give,throw
12,V,give,gift
12,V,give,present
12,V,give,yield
12,V,give,pay
12,V,give,devote
12,V,give,render
12,V,give,yield
12,V,give,return
12,V,give,generate
12,V,give,impart
12,V,give,leave
12,V,give,pass_on
12,V,give,establish
12,V,give,sacrifice
12,V,give,pass
12,V,give,hand
12,V,give,reach
12,V,give,pass_on
12,V,give,turn_over
12,V,give,dedicate
12,V,give,consecrate
12,V,give,commit
12,V,give,devote
12,V,give,apply
12,V,give,render
12,V,give,grant
12,V,give,move_over
12,V,give,give_way
12,V,give,ease_up
12,V,give,yield
12,V,give,feed
12,V,give,contribute
12,V,give,chip_in
12,V,give,kick_in
12,V,give,collapse
12,V,give,fall_in
12,V,give,cave_in
12,V,give,give_way
12,V,give,break
12,V,give,founder
12,V,give,afford
12,V,give,open
12,V,give,yield
2,V,show,display
2,V,show,appearance
2,V,show,demo
2,V,show,exhibit
2,V,show,present
2,V,show,demonstrate
2,V,show,prove
2,V,show,demonstrate
2,V,show,establish
2,V,show,shew
2,V,show,testify
2,V,show,bear_witness
2,V,show,prove
2,V,show,evidence
2,V,show,picture
2,V,show,depict
2,V,show,render
2,V,show,express
2,V,show,evince
2,V,show,indicate
2,V,show,point
2,V,show,designate
2,V,show,show_up
2,V,show,read
2,V,show,register
2,V,show,record
2,V,show,usher
11,V,display,show
11,V,display,exhibit
11,V,display,showing
11,V,display,presentation
11,V,display,video_display
11,V,display,expose
11,V,display,exhibit
11,N,foreign,strange
11,N,foreign,alien
11,N,foreign,extraneous
11,N,music,euphony
11,N,music,medicine
6,V,show,display
6,V,show,appearance
6,V,show,demo
6,V,show,exhibit
6,V,show,present
6,V,show,demonstrate
6,V,show,prove
6,V,show,demonstrate
6,V,show,establish
6,V,show,shew
6,V,show,testify
6,V,show,bear_witness
6,V,show,prove
6,V,show,evidence
6,V,show,picture
6,V,show,depict
6,V,show,render
6,V,show,express
6,V,show,evince
6,V,show,indicate
6,V,show,point
6,V,show,designate
6,V,show,show_up
6,V,show,read
6,V,show,register
6,V,show,record
6,V,show,usher
5,V,are,ar
5,V,are,be
5,V,are,be
5,V,are,be
5,V,are,exist
5,V,are,be
5,V,are,be
5,V,are,equal
5,V,are,be
5,V,are,constitute
5,V,are,represent
5,V,are,make_up
5,V,are,comprise
5,V,are,be
5,V,are,be
5,V,are,follow
5,V,are,embody
5,V,are,be
5,V,are,personify
5,V,are,be
5,V,are,be
5,V,are,live
5,V,are,be
5,V,are,cost
5,V,are,be
12,N,horror,repugnance
12,N,horror,repulsion
12,N,horror,revulsion
6,JJ,travel,traveling
6,JJ,travel,travelling
6,JJ,travel,change_of_location
6,JJ,travel,locomotion
6,JJ,travel,go
6,JJ,travel,move
6,JJ,travel,locomote
6,JJ,travel,journey
6,JJ,travel,trip
6,JJ,travel,jaunt
6,JJ,travel,journey
6,JJ,travel,move_around
1,JJ,full,full_moon
1,JJ,full,full-of-the-moon
1,JJ,full,full_phase_of_the_moon
1,JJ,full,wax
1,JJ,full,entire
1,JJ,full,total
1,JJ,full,total
1,JJ,full,replete
1,JJ,full,good
1,JJ,full,broad
1,JJ,full,wide
1,JJ,full,wide-cut
1,JJ,full,fully
1,JJ,full,to_the_full
9,V,show,display
9,V,show,appearance
9,V,show,demo
9,V,show,exhibit
9,V,show,present
9,V,show,demonstrate
9,V,show,prove
9,V,show,demonstrate
9,V,show,establish
9,V,show,shew
9,V,show,testify
9,V,show,bear_witness
9,V,show,prove
9,V,show,evidence
9,V,show,picture
9,V,show,depict
9,V,show,render
9,V,show,express
9,V,show,evince
9,V,show,indicate
9,V,show,point
9,V,show,designate
9,V,show,show_up
9,V,show,read
9,V,show,register
9,V,show,record
9,V,show,usher
2,V,give,spring
2,V,give,springiness
2,V,give,yield
2,V,give,afford
2,V,give,pay
2,V,give,hold
2,V,give,throw
2,V,give,have
2,V,give,make
2,V,give,throw
2,V,give,gift
2,V,give,present
2,V,give,yield
2,V,give,pay
2,V,give,devote
2,V,give,render
2,V,give,yield
2,V,give,return
2,V,give,generate
2,V,give,impart
2,V,give,leave
2,V,give,pass_on
2,V,give,establish
2,V,give,sacrifice
2,V,give,pass
2,V,give,hand
2,V,give,reach
2,V,give,pass_on
2,V,give,turn_over
2,V,give,dedicate
2,V,give,consecrate
2,V,give,commit
2,V,give,devote
2,V,give,apply
2,V,give,render
2,V,give,grant
2,V,give,move_over
2,V,give,give_way
2,V,give,ease_up
2,V,give,yield
2,V,give,feed
2,V,give,contribute
2,V,give,chip_in
2,V,give,kick_in
2,V,give,collapse
2,V,give,fall_in
2,V,give,cave_in
2,V,give,give_way
2,V,give,break
2,V,give,founder
2,V,give,afford
2,V,give,open
2,V,give,yield
4,V,rated,rate
4,V,rated,rank
4,V,rated,range
4,V,rated,order
4,V,rated,grade
4,V,rated,place
4,V,rated,rate
4,V,rated,rate
4,V,rated,value
4,V,rated,rat
4,V,rated,rat
4,V,rated,fink
4,V,rated,scab
4,V,rated,rat
4,V,rated,blackleg
4,V,rated,rat
4,V,rated,rat
4,V,rated,denounce
4,V,rated,tell_on
4,V,rated,betray
4,V,rated,give_away
4,V,rated,rat
4,V,rated,grass
4,V,rated,shit
4,V,rated,shop
4,V,rated,snitch
4,V,rated,stag
7,N,list,listing
7,N,list,tilt
7,N,list,inclination
7,N,list,lean
7,N,list,leaning
7,N,list,name
7,N,list,lean
7,N,list,heel
7,N,list,number
7,N,catalogue,catalog
7,N,catalogue,catalog
7,N,catalogue,catalog
7,N,catalogue,catalog
5,N,flick,movie
5,N,flick,film
5,N,flick,picture
5,N,flick,moving_picture
5,N,flick,moving-picture_show
5,N,flick,motion_picture
5,N,flick,motion-picture_show
5,N,flick,picture_show
5,N,flick,pic
5,N,flick,flicker
5,N,flick,flip
5,N,flick,thumb
5,N,flick,riffle
5,N,flick,leaf
5,N,flick,riff
5,N,flick,flip
5,N,flick,jerk
5,N,flick,flicker
5,N,flick,ruffle
5,N,flick,riffle
5,N,flick,snap
5,N,flick,click
3,JJ,complete,finish
3,JJ,complete,dispatch
3,JJ,complete,discharge
3,JJ,complete,nail
3,JJ,complete,fill_out
3,JJ,complete,fill_in
3,JJ,complete,make_out
3,JJ,complete,consummate
3,JJ,complete,accomplished
3,JJ,complete,arrant
3,JJ,complete,consummate
3,JJ,complete,double-dyed
3,JJ,complete,everlasting
3,JJ,complete,gross
3,JJ,complete,perfect
3,JJ,complete,pure
3,JJ,complete,sodding
3,JJ,complete,stark
3,JJ,complete,staring
3,JJ,complete,thoroughgoing
3,JJ,complete,utter
3,JJ,complete,unadulterated
3,JJ,complete,concluded
3,JJ,complete,ended
3,JJ,complete,over
3,JJ,complete,all_over
3,JJ,complete,terminated
2,N,flick,movie
2,N,flick,film
2,N,flick,picture
2,N,flick,moving_picture
2,N,flick,moving-picture_show
2,N,flick,motion_picture
2,N,flick,motion-picture_show
2,N,flick,picture_show
2,N,flick,pic
2,N,flick,flicker
2,N,flick,flip
2,N,flick,thumb
2,N,flick,riffle
2,N,flick,leaf
2,N,flick,riff
2,N,flick,flip
2,N,flick,jerk
2,N,flick,flicker
2,N,flick,ruffle
2,N,flick,riffle
2,N,flick,snap
2,N,flick,click
5,N,movie,film
5,N,movie,picture
5,N,movie,moving_picture
5,N,movie,moving-picture_show
5,N,movie,motion_picture
5,N,movie,motion-picture_show
5,N,movie,picture_show
5,N,movie,pic
5,N,movie,flick
9,V,display,show
9,V,display,exhibit
9,V,display,showing
9,V,display,presentation
9,V,display,video_display
9,V,display,expose
9,V,display,exhibit
12,N,classic,authoritative
12,N,classic,classical
12,N,classic,definitive
12,N,classic,classical
12,N,classic,classical
12,N,classic,greco-roman
12,N,classic,graeco-roman
12,N,classic,hellenic
12,N,foreign,strange
12,N,foreign,alien
12,N,foreign,extraneous
2,N,film,movie
2,N,film,picture
2,N,film,moving_picture
2,N,film,moving-picture_show
2,N,film,motion_picture
2,N,film,motion-picture_show
2,N,film,picture_show
2,N,film,pic
2,N,film,flick
2,N,film,cinema
2,N,film,celluloid
2,N,film,photographic_film
2,N,film,plastic_film
2,N,film,shoot
2,N,film,take
8,N,movies,movie
8,N,movies,film
8,N,movies,picture
8,N,movies,moving_picture
8,N,movies,moving-picture_show
8,N,movies,motion_picture
8,N,movies,motion-picture_show
8,N,movies,picture_show
8,N,movies,pic
8,N,movies,flick
6,JJ,sports,sport
6,JJ,sports,athletics
6,JJ,sports,sport
6,JJ,sports,sport
6,JJ,sports,summercater
6,JJ,sports,sport
6,JJ,sports,sport
6,JJ,sports,sportsman
6,JJ,sports,sportswoman
6,JJ,sports,mutant
6,JJ,sports,mutation
6,JJ,sports,variation
6,JJ,sports,sport
6,JJ,sports,fun
6,JJ,sports,play
6,JJ,sports,sport
6,JJ,sports,sport
6,JJ,sports,feature
6,JJ,sports,boast
6,JJ,sports,frolic
6,JJ,sports,lark
6,JJ,sports,rollick
6,JJ,sports,skylark
6,JJ,sports,disport
6,JJ,sports,sport
6,JJ,sports,cavort
6,JJ,sports,gambol
6,JJ,sports,frisk
6,JJ,sports,romp
6,JJ,sports,run_around
6,JJ,sports,lark_about
9,N,flicks,flick
9,N,flicks,flick
9,N,flicks,movie
9,N,flicks,film
9,N,flicks,picture
9,N,flicks,moving_picture
9,N,flicks,moving-picture_show
9,N,flicks,motion_picture
9,N,flicks,motion-picture_show
9,N,flicks,picture_show
9,N,flicks,pic
9,N,flicks,flick
9,N,flicks,flicker
9,N,flicks,flick
9,N,flicks,flick
9,N,flicks,flip
9,N,flicks,thumb
9,N,flicks,riffle
9,N,flicks,leaf
9,N,flicks,riff
9,N,flicks,flip
9,N,flicks,flick
9,N,flicks,jerk
9,N,flicks,flick
9,N,flicks,flicker
9,N,flicks,flick
9,N,flicks,flick
9,N,flicks,ruffle
9,N,flicks,riffle
9,N,flicks,snap
9,N,flicks,click
9,N,flicks,flick
9,N,flicks,flick
9,N,flicks,flick
2,V,display,show
2,V,display,exhibit
2,V,display,showing
2,V,display,presentation
2,V,display,video_display
2,V,display,expose
2,V,display,exhibit
3,N,movies,movie
3,N,movies,film
3,N,movies,picture
3,N,movies,moving_picture
3,N,movies,moving-picture_show
3,N,movies,motion_picture
3,N,movies,motion-picture_show
3,N,movies,picture_show
3,N,movies,pic
3,N,movies,flick
11,V,show,display
11,V,show,appearance
11,V,show,demo
11,V,show,exhibit
11,V,show,present
11,V,show,demonstrate
11,V,show,prove
11,V,show,demonstrate
11,V,show,establish
11,V,show,shew
11,V,show,testify
11,V,show,bear_witness
11,V,show,prove
11,V,show,evidence
11,V,show,picture
11,V,show,depict
11,V,show,render
11,V,show,express
11,V,show,evince
11,V,show,indicate
11,V,show,point
11,V,show,designate
11,V,show,show_up
11,V,show,read
11,V,show,register
11,V,show,record
11,V,show,usher
11,N,flicks,flick
11,N,flicks,flick
11,N,flicks,movie
11,N,flicks,film
11,N,flicks,picture
11,N,flicks,moving_picture
11,N,flicks,moving-picture_show
11,N,flicks,motion_picture
11,N,flicks,motion-picture_show
11,N,flicks,picture_show
11,N,flicks,pic
11,N,flicks,flick
11,N,flicks,flicker
11,N,flicks,flick
11,N,flicks,flick
11,N,flicks,flip
11,N,flicks,thumb
11,N,flicks,riffle
11,N,flicks,leaf
11,N,flicks,riff
11,N,flicks,flip
11,N,flicks,flick
11,N,flicks,jerk
11,N,flicks,flick
11,N,flicks,flicker
11,N,flicks,flick
11,N,flicks,flick
11,N,flicks,ruffle
11,N,flicks,riffle
11,N,flicks,snap
11,N,flicks,click
11,N,flicks,flick
11,N,flicks,flick
11,N,flicks,flick
5,V,classified,classified_ad
5,V,classified,classified_advertisement
5,V,classified,classify
5,V,classified,class
5,V,classified,sort
5,V,classified,assort
5,V,classified,sort_out
5,V,classified,separate
5,V,classified,classify
5,V,classified,relegate
5,V,classified,classify
12,N,drama,play
12,N,drama,dramatic_play
12,N,drama,dramatic_event
12,N,documentaries,documentary
12,N,documentaries,docudrama
12,N,documentaries,documentary_film
12,N,documentaries,infotainment
12,V,show,display
12,V,show,appearance
12,V,show,demo
12,V,show,exhibit
12,V,show,present
12,V,show,demonstrate
12,V,show,prove
12,V,show,demonstrate
12,V,show,establish
12,V,show,shew
12,V,show,testify
12,V,show,bear_witness
12,V,show,prove
12,V,show,evidence
12,V,show,picture
12,V,show,depict
12,V,show,render
12,V,show,express
12,V,show,evince
12,V,show,indicate
12,V,show,point
12,V,show,designate
12,V,show,show_up
12,V,show,read
12,V,show,register
12,V,show,record
12,V,show,usher
4,V,graded,rate
4,V,graded,rank
4,V,graded,range
4,V,graded,order
4,V,graded,grade
4,V,graded,place
4,V,graded,grade
4,V,graded,grade
4,V,graded,score
4,V,graded,mark
4,V,graded,grade
4,V,graded,ranked
4,V,graded,stratified
2,N,flicks,flick
2,N,flicks,flick
2,N,flicks,movie
2,N,flicks,film
2,N,flicks,picture
2,N,flicks,moving_picture
2,N,flicks,moving-picture_show
2,N,flicks,motion_picture
2,N,flicks,motion-picture_show
2,N,flicks,picture_show
2,N,flicks,pic
2,N,flicks,flick
2,N,flicks,flicker
2,N,flicks,flick
2,N,flicks,flick
2,N,flicks,flip
2,N,flicks,thumb
2,N,flicks,riffle
2,N,flicks,leaf
2,N,flicks,riff
2,N,flicks,flip
2,N,flicks,flick
2,N,flicks,jerk
2,N,flicks,flick
2,N,flicks,flicker
2,N,flicks,flick
2,N,flicks,flick
2,N,flicks,ruffle
2,N,flicks,riffle
2,N,flicks,snap
2,N,flicks,click
2,N,flicks,flick
2,N,flicks,flick
2,N,flicks,flick
1,N,flicks,flick
1,N,flicks,flick
1,N,flicks,movie
1,N,flicks,film
1,N,flicks,picture
1,N,flicks,moving_picture
1,N,flicks,moving-picture_show
1,N,flicks,motion_picture
1,N,flicks,motion-picture_show
1,N,flicks,picture_show
1,N,flicks,pic
1,N,flicks,flick
1,N,flicks,flicker
1,N,flicks,flick
1,N,flicks,flick
1,N,flicks,flip
1,N,flicks,thumb
1,N,flicks,riffle
1,N,flicks,leaf
1,N,flicks,riff
1,N,flicks,flip
1,N,flicks,flick
1,N,flicks,jerk
1,N,flicks,flick
1,N,flicks,flicker
1,N,flicks,flick
1,N,flicks,flick
1,N,flicks,ruffle
1,N,flicks,riffle
1,N,flicks,snap
1,N,flicks,click
1,N,flicks,flick
1,N,flicks,flick
1,N,flicks,flick
6,N,actor,histrion
6,N,actor,player
6,N,actor,thespian
6,N,actor,role_player
6,N,actor,doer
6,N,actor,worker
6,N,actors,actor
6,N,actors,histrion
6,N,actors,player
6,N,actors,thespian
6,N,actors,role_player
6,N,actors,actor
6,N,actors,doer
6,N,actors,worker
12,N,new,fresh
12,N,new,novel
12,N,new,raw
12,N,new,unexampled
12,N,new,newfangled
12,N,new,new
12,N,new,modern
12,N,new,new
12,N,new,young
12,N,new,newly
12,N,new,freshly
12,N,new,fresh
8,V,classified,classified_ad
8,V,classified,classified_advertisement
8,V,classified,classify
8,V,classified,class
8,V,classified,sort
8,V,classified,assort
8,V,classified,sort_out
8,V,classified,separate
8,V,classified,classify
8,V,classified,relegate
8,V,classified,classify
6,JJ,animation,life
6,JJ,animation,living
6,JJ,animation,aliveness
6,JJ,animation,vitality
6,JJ,animation,spiritedness
6,JJ,animation,invigoration
6,JJ,animation,brio
6,JJ,animation,vivification
6,JJ,animation,vivification
6,JJ,animation,invigoration
6,JJ,animation,liveliness
12,N,flick,movie
12,N,flick,film
12,N,flick,picture
12,N,flick,moving_picture
12,N,flick,moving-picture_show
12,N,flick,motion_picture
12,N,flick,motion-picture_show
12,N,flick,picture_show
12,N,flick,pic
12,N,flick,flicker
12,N,flick,flip
12,N,flick,thumb
12,N,flick,riffle
12,N,flick,leaf
12,N,flick,riff
12,N,flick,flip
12,N,flick,jerk
12,N,flick,flicker
12,N,flick,ruffle
12,N,flick,riffle
12,N,flick,snap
12,N,flick,click
6,N,movies,movie
6,N,movies,film
6,N,movies,picture
6,N,movies,moving_picture
6,N,movies,moving-picture_show
6,N,movies,motion_picture
6,N,movies,motion-picture_show
6,N,movies,picture_show
6,N,movies,pic
6,N,movies,flick
7,V,display,show
7,V,display,exhibit
7,V,display,showing
7,V,display,presentation
7,V,display,video_display
7,V,display,expose
7,V,display,exhibit
12,N,children,child
12,N,children,kid
12,N,children,youngster
12,N,children,minor
12,N,children,shaver
12,N,children,nipper
12,N,children,small_fry
12,N,children,tiddler
12,N,children,tike
12,N,children,tyke
12,N,children,fry
12,N,children,nestling
12,N,children,child
12,N,children,kid
12,N,children,child
12,N,children,baby
12,N,children,child
6,JJ,documentary,docudrama
6,JJ,documentary,documentary_film
6,JJ,documentary,infotainment
6,JJ,documentary,documental
6,JJ,documentary,objective
4,V,classed,classify
4,V,classed,class
4,V,classed,sort
4,V,classed,assort
4,V,classed,sort_out
4,V,classed,separate
6,N,film,movie
6,N,film,picture
6,N,film,moving_picture
6,N,film,moving-picture_show
6,N,film,motion_picture
6,N,film,motion-picture_show
6,N,film,picture_show
6,N,film,pic
6,N,film,flick
6,N,film,cinema
6,N,film,celluloid
6,N,film,photographic_film
6,N,film,plastic_film
6,N,film,shoot
6,N,film,take
11,N,anime,zanzibar_copal
11,N,anime,gum_anime
4,V,show,display
4,V,show,appearance
4,V,show,demo
4,V,show,exhibit
4,V,show,present
4,V,show,demonstrate
4,V,show,prove
4,V,show,demonstrate
4,V,show,establish
4,V,show,shew
4,V,show,testify
4,V,show,bear_witness
4,V,show,prove
4,V,show,evidence
4,V,show,picture
4,V,show,depict
4,V,show,render
4,V,show,express
4,V,show,evince
4,V,show,indicate
4,V,show,point
4,V,show,designate
4,V,show,show_up
4,V,show,read
4,V,show,register
4,V,show,record
4,V,show,usher
6,JJ,documentaries,documentary
6,JJ,documentaries,docudrama
6,JJ,documentaries,documentary_film
6,JJ,documentaries,infotainment
7,N,movies,movie
7,N,movies,film
7,N,movies,picture
7,N,movies,moving_picture
7,N,movies,moving-picture_show
7,N,movies,motion_picture
7,N,movies,motion-picture_show
7,N,movies,picture_show
7,N,movies,pic
7,N,movies,flick
7,N,flicks,flick
7,N,flicks,flick
7,N,flicks,movie
7,N,flicks,film
7,N,flicks,picture
7,N,flicks,moving_picture
7,N,flicks,moving-picture_show
7,N,flicks,motion_picture
7,N,flicks,motion-picture_show
7,N,flicks,picture_show
7,N,flicks,pic
7,N,flicks,flick
7,N,flicks,flicker
7,N,flicks,flick
7,N,flicks,flick
7,N,flicks,flip
7,N,flicks,thumb
7,N,flicks,riffle
7,N,flicks,leaf
7,N,flicks,riff
7,N,flicks,flip
7,N,flicks,flick
7,N,flicks,jerk
7,N,flicks,flick
7,N,flicks,flicker
7,N,flicks,flick
7,N,flicks,flick
7,N,flicks,ruffle
7,N,flicks,riffle
7,N,flicks,snap
7,N,flicks,click
7,N,flicks,flick
7,N,flicks,flick
7,N,flicks,flick
2,V,list,listing
2,V,list,tilt
2,V,list,inclination
2,V,list,lean
2,V,list,leaning
2,V,list,name
2,V,list,lean
2,V,list,heel
2,V,list,number
7,N,catalog,catalogue
7,N,catalog,catalogue
7,N,catalog,catalogue
7,N,catalog,catalogue
9,V,give,spring
9,V,give,springiness
9,V,give,yield
9,V,give,afford
9,V,give,pay
9,V,give,hold
9,V,give,throw
9,V,give,have
9,V,give,make
9,V,give,throw
9,V,give,gift
9,V,give,present
9,V,give,yield
9,V,give,pay
9,V,give,devote
9,V,give,render
9,V,give,yield
9,V,give,return
9,V,give,generate
9,V,give,impart
9,V,give,leave
9,V,give,pass_on
9,V,give,establish
9,V,give,sacrifice
9,V,give,pass
9,V,give,hand
9,V,give,reach
9,V,give,pass_on
9,V,give,turn_over
9,V,give,dedicate
9,V,give,consecrate
9,V,give,commit
9,V,give,devote
9,V,give,apply
9,V,give,render
9,V,give,grant
9,V,give,move_over
9,V,give,give_way
9,V,give,ease_up
9,V,give,yield
9,V,give,feed
9,V,give,contribute
9,V,give,chip_in
9,V,give,kick_in
9,V,give,collapse
9,V,give,fall_in
9,V,give,cave_in
9,V,give,give_way
9,V,give,break
9,V,give,founder
9,V,give,afford
9,V,give,open
9,V,give,yield
6,N,flicks,flick
6,N,flicks,flick
6,N,flicks,movie
6,N,flicks,film
6,N,flicks,picture
6,N,flicks,moving_picture
6,N,flicks,moving-picture_show
6,N,flicks,motion_picture
6,N,flicks,motion-picture_show
6,N,flicks,picture_show
6,N,flicks,pic
6,N,flicks,flick
6,N,flicks,flicker
6,N,flicks,flick
6,N,flicks,flick
6,N,flicks,flip
6,N,flicks,thumb
6,N,flicks,riffle
6,N,flicks,leaf
6,N,flicks,riff
6,N,flicks,flip
6,N,flicks,flick
6,N,flicks,jerk
6,N,flicks,flick
6,N,flicks,flicker
6,N,flicks,flick
6,N,flicks,flick
6,N,flicks,ruffle
6,N,flicks,riffle
6,N,flicks,snap
6,N,flicks,click
6,N,flicks,flick
6,N,flicks,flick
6,N,flicks,flick
6,V,list,listing
6,V,list,tilt
6,V,list,inclination
6,V,list,lean
6,V,list,leaning
6,V,list,name
6,V,list,lean
6,V,list,heel
6,V,list,number
2,N,movie,film
2,N,movie,picture
2,N,movie,moving_picture
2,N,movie,moving-picture_show
2,N,movie,motion_picture
2,N,movie,motion-picture_show
2,N,movie,picture_show
2,N,movie,pic
2,N,movie,flick
6,JJ,comedy,drollery
6,JJ,comedy,clowning
6,JJ,comedy,funniness
10,V,give,spring
10,V,give,springiness
10,V,give,yield
10,V,give,afford
10,V,give,pay
10,V,give,hold
10,V,give,throw
10,V,give,have
10,V,give,make
10,V,give,throw
10,V,give,gift
10,V,give,present
10,V,give,yield
10,V,give,pay
10,V,give,devote
10,V,give,render
10,V,give,yield
10,V,give,return
10,V,give,generate
10,V,give,impart
10,V,give,leave
10,V,give,pass_on
10,V,give,establish
10,V,give,sacrifice
10,V,give,pass
10,V,give,hand
10,V,give,reach
10,V,give,pass_on
10,V,give,turn_over
10,V,give,dedicate
10,V,give,consecrate
10,V,give,commit
10,V,give,devote
10,V,give,apply
10,V,give,render
10,V,give,grant
10,V,give,move_over
10,V,give,give_way
10,V,give,ease_up
10,V,give,yield
10,V,give,feed
10,V,give,contribute
10,V,give,chip_in
10,V,give,kick_in
10,V,give,collapse
10,V,give,fall_in
10,V,give,cave_in
10,V,give,give_way
10,V,give,break
10,V,give,founder
10,V,give,afford
10,V,give,open
10,V,give,yield
12,N,action,activity
12,N,action,activeness
12,N,action,military_action
12,N,action,natural_process
12,N,action,natural_action
12,N,action,activity
12,N,action,action_mechanism
12,N,action,legal_action
12,N,action,action_at_law
12,N,action,sue
12,N,action,litigate
12,N,action,process
12,N,action,carry_through
12,N,action,accomplish
12,N,action,execute
12,N,action,carry_out
12,N,action,fulfill
12,N,action,fulfil
11,N,films,movie
11,N,films,film
11,N,films,picture
11,N,films,moving_picture
11,N,films,moving-picture_show
11,N,films,motion_picture
11,N,films,motion-picture_show
11,N,films,picture_show
11,N,films,pic
11,N,films,flick
11,N,films,film
11,N,films,cinema
11,N,films,celluloid
11,N,films,film
11,N,films,photographic_film
11,N,films,film
11,N,films,film
11,N,films,plastic_film
11,N,films,film
11,N,films,shoot
11,N,films,take
11,N,films,film
4,N,flicks,flick
4,N,flicks,flick
4,N,flicks,movie
4,N,flicks,film
4,N,flicks,picture
4,N,flicks,moving_picture
4,N,flicks,moving-picture_show
4,N,flicks,motion_picture
4,N,flicks,motion-picture_show
4,N,flicks,picture_show
4,N,flicks,pic
4,N,flicks,flick
4,N,flicks,flicker
4,N,flicks,flick
4,N,flicks,flick
4,N,flicks,flip
4,N,flicks,thumb
4,N,flicks,riffle
4,N,flicks,leaf
4,N,flicks,riff
4,N,flicks,flip
4,N,flicks,flick
4,N,flicks,jerk
4,N,flicks,flick
4,N,flicks,flicker
4,N,flicks,flick
4,N,flicks,flick
4,N,flicks,ruffle
4,N,flicks,riffle
4,N,flicks,snap
4,N,flicks,click
4,N,flicks,flick
4,N,flicks,flick
4,N,flicks,flick
3,V,show,display
3,V,show,appearance
3,V,show,demo
3,V,show,exhibit
3,V,show,present
3,V,show,demonstrate
3,V,show,prove
3,V,show,demonstrate
3,V,show,establish
3,V,show,shew
3,V,show,testify
3,V,show,bear_witness
3,V,show,prove
3,V,show,evidence
3,V,show,picture
3,V,show,depict
3,V,show,render
3,V,show,express
3,V,show,evince
3,V,show,indicate
3,V,show,point
3,V,show,designate
3,V,show,show_up
3,V,show,read
3,V,show,register
3,V,show,record
3,V,show,usher
11,N,movies,movie
11,N,movies,film
11,N,movies,picture
11,N,movies,moving_picture
11,N,movies,moving-picture_show
11,N,movies,motion_picture
11,N,movies,motion-picture_show
11,N,movies,picture_show
11,N,movies,pic
11,N,movies,flick
3,JJ,full,full_moon
3,JJ,full,full-of-the-moon
3,JJ,full,full_phase_of_the_moon
3,JJ,full,wax
3,JJ,full,entire
3,JJ,full,total
3,JJ,full,total
3,JJ,full,replete
3,JJ,full,good
3,JJ,full,broad
3,JJ,full,wide
3,JJ,full,wide-cut
3,JJ,full,fully
3,JJ,full,to_the_full
6,V,display,show
6,V,display,exhibit
6,V,display,showing
6,V,display,presentation
6,V,display,video_display
6,V,display,expose
6,V,display,exhibit
12,V,propose,suggest
12,V,propose,advise
12,V,propose,project
12,V,propose,aim
12,V,propose,purpose
12,V,propose,purport
12,V,propose,nominate
12,V,propose,declare_oneself
12,V,propose,offer
12,V,propose,pop_the_question
10,N,movies,movie
10,N,movies,film
10,N,movies,picture
10,N,movies,moving_picture
10,N,movies,moving-picture_show
10,N,movies,motion_picture
10,N,movies,motion-picture_show
10,N,movies,picture_show
10,N,movies,pic
10,N,movies,flick
5,N,movies,movie
5,N,movies,film
5,N,movies,picture
5,N,movies,moving_picture
5,N,movies,moving-picture_show
5,N,movies,motion_picture
5,N,movies,motion-picture_show
5,N,movies,picture_show
5,N,movies,pic
5,N,movies,flick
2,V,publish,print
2,V,publish,bring_out
2,V,publish,put_out
2,V,publish,issue
2,V,publish,release
2,V,publish,write
3,N,films,movie
3,N,films,film
3,N,films,picture
3,N,films,moving_picture
3,N,films,moving-picture_show
3,N,films,motion_picture
3,N,films,motion-picture_show
3,N,films,picture_show
3,N,films,pic
3,N,films,flick
3,N,films,film
3,N,films,cinema
3,N,films,celluloid
3,N,films,film
3,N,films,photographic_film
3,N,films,film
3,N,films,film
3,N,films,plastic_film
3,N,films,film
3,N,films,shoot
3,N,films,take
3,N,films,film
6,JJ,international,international
6,JJ,international,external
6,JJ,international,outside
12,N,movies,movie
12,N,movies,film
12,N,movies,picture
12,N,movies,moving_picture
12,N,movies,moving-picture_show
12,N,movies,motion_picture
12,N,movies,motion-picture_show
12,N,movies,picture_show
12,N,movies,pic
12,N,movies,flick
12,N,film,movie
12,N,film,picture
12,N,film,moving_picture
12,N,film,moving-picture_show
12,N,film,motion_picture
12,N,film,motion-picture_show
12,N,film,picture_show
12,N,film,pic
12,N,film,flick
12,N,film,cinema
12,N,film,celluloid
12,N,film,photographic_film
12,N,film,plastic_film
12,N,film,shoot
12,N,film,take
1,N,films,movie
1,N,films,film
1,N,films,picture
1,N,films,moving_picture
1,N,films,moving-picture_show
1,N,films,motion_picture
1,N,films,motion-picture_show
1,N,films,picture_show
1,N,films,pic
1,N,films,flick
1,N,films,film
1,N,films,cinema
1,N,films,celluloid
1,N,films,film
1,N,films,photographic_film
1,N,films,film
1,N,films,film
1,N,films,plastic_film
1,N,films,film
1,N,films,shoot
1,N,films,take
1,N,films,film
5,N,film,movie
5,N,film,picture
5,N,film,moving_picture
5,N,film,moving-picture_show
5,N,film,motion_picture
5,N,film,motion-picture_show
5,N,film,picture_show
5,N,film,pic
5,N,film,flick
5,N,film,cinema
5,N,film,celluloid
5,N,film,photographic_film
5,N,film,plastic_film
5,N,film,shoot
5,N,film,take
10,V,find,discovery
10,V,find,breakthrough
10,V,find,discovery
10,V,find,uncovering
10,V,find,happen
10,V,find,chance
10,V,find,bump
10,V,find,encounter
10,V,find,detect
10,V,find,observe
10,V,find,discover
10,V,find,notice
10,V,find,regain
10,V,find,determine
10,V,find,find_out
10,V,find,ascertain
10,V,find,feel
10,V,find,witness
10,V,find,see
10,V,find,line_up
10,V,find,get_hold
10,V,find,come_up
10,V,find,discover
10,V,find,discover
10,V,find,rule
10,V,find,receive
10,V,find,get
10,V,find,obtain
10,V,find,incur
10,V,find,recover
10,V,find,retrieve
10,V,find,regain
10,V,find,find_oneself
10,V,show,display
10,V,show,appearance
10,V,show,demo
10,V,show,exhibit
10,V,show,present
10,V,show,demonstrate
10,V,show,prove
10,V,show,demonstrate
10,V,show,establish
10,V,show,shew
10,V,show,testify
10,V,show,bear_witness
10,V,show,prove
10,V,show,evidence
10,V,show,picture
10,V,show,depict
10,V,show,render
10,V,show,express
10,V,show,evince
10,V,show,indicate
10,V,show,point
10,V,show,designate
10,V,show,show_up
10,V,show,read
10,V,show,register
10,V,show,record
10,V,show,usher
2,N,movies,movie
2,N,movies,film
2,N,movies,picture
2,N,movies,moving_picture
2,N,movies,moving-picture_show
2,N,movies,motion_picture
2,N,movies,motion-picture_show
2,N,movies,picture_show
2,N,movies,pic
2,N,movies,flick
11,N,drama,play
11,N,drama,dramatic_play
11,N,drama,dramatic_event
11,V,find,discovery
11,V,find,breakthrough
11,V,find,discovery
11,V,find,uncovering
11,V,find,happen
11,V,find,chance
11,V,find,bump
11,V,find,encounter
11,V,find,detect
11,V,find,observe
11,V,find,discover
11,V,find,notice
11,V,find,regain
11,V,find,determine
11,V,find,find_out
11,V,find,ascertain
11,V,find,feel
11,V,find,witness
11,V,find,see
11,V,find,line_up
11,V,find,get_hold
11,V,find,come_up
11,V,find,discover
11,V,find,discover
11,V,find,rule
11,V,find,receive
11,V,find,get
11,V,find,obtain
11,V,find,incur
11,V,find,recover
11,V,find,retrieve
11,V,find,regain
11,V,find,find_oneself
2,N,films,movie
2,N,films,film
2,N,films,picture
2,N,films,moving_picture
2,N,films,moving-picture_show
2,N,films,motion_picture
2,N,films,motion-picture_show
2,N,films,picture_show
2,N,films,pic
2,N,films,flick
2,N,films,film
2,N,films,cinema
2,N,films,celluloid
2,N,films,film
2,N,films,photographic_film
2,N,films,film
2,N,films,film
2,N,films,plastic_film
2,N,films,film
2,N,films,shoot
2,N,films,take
2,N,films,film
12,N,sports,sport
12,N,sports,athletics
12,N,sports,sport
12,N,sports,sport
12,N,sports,summercater
12,N,sports,sport
12,N,sports,sport
12,N,sports,sportsman
12,N,sports,sportswoman
12,N,sports,mutant
12,N,sports,mutation
12,N,sports,variation
12,N,sports,sport
12,N,sports,fun
12,N,sports,play
12,N,sports,sport
12,N,sports,sport
12,N,sports,feature
12,N,sports,boast
12,N,sports,frolic
12,N,sports,lark
12,N,sports,rollick
12,N,sports,skylark
12,N,sports,disport
12,N,sports,sport
12,N,sports,cavort
12,N,sports,gambol
12,N,sports,frisk
12,N,sports,romp
12,N,sports,run_around
12,N,sports,lark_about
3,N,flicks,flick
3,N,flicks,flick
3,N,flicks,movie
3,N,flicks,film
3,N,flicks,picture
3,N,flicks,moving_picture
3,N,flicks,moving-picture_show
3,N,flicks,motion_picture
3,N,flicks,motion-picture_show
3,N,flicks,picture_show
3,N,flicks,pic
3,N,flicks,flick
3,N,flicks,flicker
3,N,flicks,flick
3,N,flicks,flick
3,N,flicks,flip
3,N,flicks,thumb
3,N,flicks,riffle
3,N,flicks,leaf
3,N,flicks,riff
3,N,flicks,flip
3,N,flicks,flick
3,N,flicks,jerk
3,N,flicks,flick
3,N,flicks,flicker
3,N,flicks,flick
3,N,flicks,flick
3,N,flicks,ruffle
3,N,flicks,riffle
3,N,flicks,snap
3,N,flicks,click
3,N,flicks,flick
3,N,flicks,flick
3,N,flicks,flick
11,N,games,game
11,N,games,game
11,N,games,game
11,N,games,game
11,N,games,game
11,N,games,game
11,N,games,game
11,N,games,plot
11,N,games,secret_plan
11,N,games,game
11,N,games,game
11,N,games,game
11,N,games,biz
11,N,games,game
11,N,games,bet_on
11,N,games,back
11,N,games,gage
11,N,games,stake
11,N,games,game
11,N,games,punt
11,N,horror,repugnance
11,N,horror,repulsion
11,N,horror,revulsion
6,JJ,anime,zanzibar_copal
6,JJ,anime,gum_anime
